Location	Allele	Consequence	IMPACT	SYMBOL	Gene	Existing_variation	REF_ALLELE	UPLOADED_ALLELE	STRAND	AF	CLIN_SIG	SOMATIC	PHENO	PUBMED	GO
1:976215-976215	G	missense_variant	MODERATE	PERM1	ENSG00000187642	"rs7417106,COSV58020657"	A	A/G	-1	0.7103	pathogenic	"0,1"	"1,1"	-	"GO:0005634:nucleus,GO:0005737:cytoplasm,GO:0006355:regulation_of_DNA-templated_transcription,GO:0014850:response_to_muscle_activity"
1:13223649-13223649	A	missense_variant	MODERATE	PRAMEF18	ENSG00000279804	rs56088861	G	G/A	-1	-	uncertain_significance	-	1	-	"GO:0005737:cytoplasm,GO:0008284:positive_regulation_of_cell_population_proliferation,GO:0043066:negative_regulation_of_apoptotic_process,GO:0045596:negative_regulation_of_cell_differentiation,GO:0045892:negative_regulation_of_DNA-templated_transcription"
1:17373205-17373205	T	missense_variant	MODERATE	PADI6	ENSG00000276747	"rs767518278,COSV61885037"	C	C/T	1	-	uncertain_significance	"0,1"	"1,1"	-	"GO:0004668:protein-arginine_deiminase_activity,GO:0005509:calcium_ion_binding,GO:0005515:protein_binding,GO:0005634:nucleus,GO:0005737:cytoplasm,GO:0007010:cytoskeleton_organization,GO:0007028:cytoplasm_organization,GO:0008104:protein_localization,GO:0016787:hydrolase_activity,GO:0031410:cytoplasmic_vesicle,GO:0040016:embryonic_cleavage,GO:0043143:regulation_of_translation_by_machinery_localization,GO:0045111:intermediate_filament_cytoskeleton,GO:0060473:cortical_granule"
1:160155114-160155114	C	"missense_variant,NMD_transcript_variant"	MODERATE	ATP1A4	ENSG00000132681	"rs1185885403,COSV63627121"	A	A/C	1	-	uncertain_significance	"0,1"	"1,1"	-	"GO:0000166:nucleotide_binding,GO:0005524:ATP_binding,GO:0016020:membrane,GO:0016887:ATP_hydrolysis_activity,GO:0055085:transmembrane_transport"
1:204267496-204267496	A	missense_variant	MODERATE	PLEKHA6	ENSG00000143850	rs200274685	G	G/A	-1	0.0002	uncertain_significance	-	1	-	-
1:248559487-248559487	T	missense_variant	MODERATE	OR2T29	ENSG00000182783	"rs1266832853,COSV60771474"	G	G/T	-1	-	uncertain_significance	"0,1"	"1,1"	-	"GO:0004930:G_protein-coupled_receptor_activity,GO:0004984:olfactory_receptor_activity,GO:0005886:plasma_membrane,GO:0007165:signal_transduction,GO:0007186:G_protein-coupled_receptor_signaling_pathway,GO:0007608:sensory_perception_of_smell,GO:0016020:membrane,GO:0050896:response_to_stimulus,GO:0050911:detection_of_chemical_stimulus_involved_in_sensory_perception_of_smell"
10:17849701-17849701	A	missense_variant	MODERATE	MRC1	ENSG00000260314	"rs606231248,CM099897"	G	G/A	1	-	"uncertain_risk_allele,risk_factor"	"0,1"	"1,1"	20035344	"GO:0001618:virus_receptor_activity,GO:0004888:transmembrane_signaling_receptor_activity,GO:0005515:protein_binding,GO:0005537:mannose_binding,GO:0005768:endosome,GO:0005886:plasma_membrane,GO:0006897:endocytosis,GO:0006898:receptor-mediated_endocytosis,GO:0009986:cell_surface,GO:0010008:endosome_membrane,GO:0016020:membrane,GO:0030246:carbohydrate_binding,GO:0038023:signaling_receptor_activity,GO:0038024:cargo_receptor_activity,GO:0046718:viral_entry_into_host_cell,GO:0071222:cellular_response_to_lipopolysaccharide,GO:0071346:cellular_response_to_type_II_interferon,GO:0071353:cellular_response_to_interleukin-4"
10:47349271-47349271	T	missense_variant	MODERATE	RBP3	ENSG00000265203	"rs77257977,CM176280"	G	G/T	1	-	uncertain_significance	"0,1"	"1,1"	28512305	"GO:0001523:retinoid_metabolic_process,GO:0005501:retinoid_binding,GO:0005515:protein_binding,GO:0005576:extracellular_region,GO:0005615:extracellular_space,GO:0006508:proteolysis,GO:0006629:lipid_metabolic_process,GO:0007601:visual_perception,GO:0008236:serine-type_peptidase_activity,GO:0016918:retinal_binding,GO:0019841:retinol_binding,GO:0033165:interphotoreceptor_matrix,GO:0090658:cone_matrix_sheath,GO:1903561:extracellular_vesicle"
10:68882104-68882104	C	missense_variant	MODERATE	STOX1	ENSG00000165730	"rs1341667,CM057373,COSV53816198"	T	T/C	1	0.6124	risk_factor	"0,1,1"	"1,1,1"	"2,93,34,89,52,65,47,23,00,00,00,00,00,00,00,00,00,00,00,00,00,00,00,00,00,00,00,00,00,00,00,000"	"GO:0001650:fibrillar_center,GO:0005654:nucleoplasm,GO:0005829:cytosol,GO:0006357:regulation_of_transcription_by_RNA_polymerase_II"
10:88740016-88740016	T	missense_variant	MODERATE	LIPK	ENSG00000204021	rs1205808306	G	G/T	1	-	uncertain_significance	-	1	-	"GO:0004465:lipoprotein_lipase_activity,GO:0005576:extracellular_region,GO:0006629:lipid_metabolic_process,GO:0016042:lipid_catabolic_process,GO:0016787:hydrolase_activity,GO:0016788:hydrolase_activity_-_acting_on_ester_bonds,GO:0043231:intracellular_membrane-bounded_organelle,GO:0070268:cornification"
10:114045297-114045297	C	missense_variant	MODERATE	ADRB1	ENSG00000043591	"rs1801253,CM994344,COSV65167813"	G	G/C	1	0.7017	"drug_response,association"	"0,1,1"	"1,1,1"	"20981351,21444836,21894447,30387422,34131278,34638656,27247849,20952631,20521218,21953487,22938532,23820649,25266489,26091847,27233804,18187665,20401335,32398726,19379518,20565774,22024213,33688237,26602921,31469255,27480026,22552919,21172166,18794727,23856471,20921971,28611364,23575227,27333884,30955239,32024468,22949529,27103841,25941324,33572708,26058836,12374873,17496726,35258481,27589963,17512307,26111150,17150099,18534365,18615004,19553224,20869266,21414566,21807569,26602751,26879662,27669015,30668166,31056593,31090079,33451866,34713976,35099251,35199539,21395649,33559002,34716504,22495925,22683993,29587766,26694722,16120061,32586526,19743955,19842931,24332148,27108086,30753253,30756358,10212248,16844790,17335470,18059082,22703382,23065660,33053571,32710738,22994654,34121327,34576040,32224869,30296897,25817885,34642472,24954895,29888336,34912794,22382501,37165991,21305273,18437562,25443111,34485402,28496656,24342311,35743738,23927520,24910551,31105432,28734628,26046407,22703928,29404309,35736408,3000673"	"GO:0001996:positive_regulation_of_heart_rate_by_epinephrine-norepinephrine,GO:0001997:positive_regulation_of_the_force_of_heart_contraction_by_epinephrine-norepinephrine,GO:0002024:diet_induced_thermogenesis,GO:0002025:norepinephrine-epinephrine-mediated_vasodilation_involved_in_regulation_of_systemic_arterial_blood_pressure,GO:0004930:G_protein-coupled_receptor_activity,GO:0004935:adrenergic_receptor_activity,GO:0004939:beta-adrenergic_receptor_activity,GO:0004940:beta1-adrenergic_receptor_activity,GO:0005515:protein_binding,GO:0005768:endosome,GO:0005769:early_endosome,GO:0005886:plasma_membrane,GO:0007165:signal_transduction,GO:0007186:G_protein-coupled_receptor_signaling_pathway,GO:0007189:adenylate_cyclase-activating_G_protein-coupled_receptor_signaling_pathway,GO:0009409:response_to_cold,GO:0016020:membrane,GO:0030165:PDZ_domain_binding,GO:0031649:heat_generation,GO:0031694:alpha-2A_adrenergic_receptor_binding,GO:0040015:negative_regulation_of_multicellular_organism_growth,GO:0042596:fear_response,GO:0043547:positive_regulation_of_GTPase_activity,GO:0045187:regulation_of_circadian_sleep/wake_cycle_-_sleep,GO:0045823:positive_regulation_of_heart_contraction,GO:0046982:protein_heterodimerization_activity,GO:0050873:brown_fat_cell_differentiation,GO:0060078:regulation_of_postsynaptic_membrane_potential,GO:0071880:adenylate_cyclase-activating_adrenergic_receptor_signaling_pathway,GO:0098685:Schaffer_collateral_-_CA1_synapse,GO:0098992:neuronal_dense_core_vesicle,GO:0099579:G_protein-coupled_neurotransmitter_receptor_activity_involved_in_regulation_of_postsynaptic_membrane_potential,GO:0120162:positive_regulation_of_cold-induced_thermogenesis"
11:60095631-60095631	G	missense_variant	MODERATE	MS4A2	ENSG00000149534	"rs569108,CM960639,COSV54011661"	A	A/G	1	0.1116	risk_factor	"0,1,1"	"1,1,1"	"19131662,19330901,19559392,16519819,15726497,22769019,26792385,27746735,20406895,21738338,23525950,34484176,34386467,26613553,27624002,29761786,33277970,34243801,24838642,25876437,26160721,22432035,8817330,8842731,11702205,24495860,28440920,36964157,37108192,24039878,34261469,17121871,24098393,23382861,31463300,26155367,16625214,15007355"	GO:0016020:membrane
13:105467097-105467097	A	missense_variant	MODERATE	DAOA	ENSG00000182346	"rs2391191,CM045704,COSV61603456"	G	G/A	1	0.3618	not_provided	"0,1,1"	"1,1,1"	"27895608,29100974,21728034,33986383,19911060,26949549,16402132,17336946,23632455,16842973,17179078,18165970,19586533,28285246,17055463,22214315,12647258,18466879,15194506,18023149,19237267,19482054,19763662,20667145,17179866,17651942,19760675,21443574,22851402,17293043,20471098,18541412,22454242,30459659,20230869,19089835,21508934,23335491,29417050,32748316,35740983,30547038,22261702,34681579,31637017,22122005,24143106,16914640,23861766,22429365,32894097,24362575,23341962,29093492,26539492,34566604,20718829,29476595,31921276,24386483,17996908,15979839,15653269,17408693,15121480,16581030,15271585"	"GO:0005739:mitochondrion,GO:0005794:Golgi_apparatus,GO:0008047:enzyme_activator_activity,GO:0019899:enzyme_binding,GO:0043085:positive_regulation_of_catalytic_activity,GO:0048471:perinuclear_region_of_cytoplasm,GO:1900758:negative_regulation_of_D-amino-acid_oxidase_activity"
13:108209652-108209652	A	missense_variant	MODERATE	LIG4	ENSG00000174405	rs3742212	T	T/A	-1	0.0002	uncertain_significance	-	1	-	"GO:0000012:single_strand_break_repair,GO:0000166:nucleotide_binding,GO:0000287:magnesium_ion_binding,GO:0000781:chromosome_-_telomeric_region,GO:0000793:condensed_chromosome,GO:0001701:in_utero_embryonic_development,GO:0002328:pro-B_cell_differentiation,GO:0003677:DNA_binding,GO:0003909:DNA_ligase_activity,GO:0003910:DNA_ligase_(ATP)_activity,GO:0005515:protein_binding,GO:0005524:ATP_binding,GO:0005634:nucleus,GO:0005654:nucleoplasm,GO:0005958:DNA-dependent_protein_kinase-DNA_ligase_4_complex,GO:0006260:DNA_replication,GO:0006266:DNA_ligation,GO:0006281:DNA_repair,GO:0006297:nucleotide-excision_repair_-_DNA_gap_filling,GO:0006302:double-strand_break_repair,GO:0006303:double-strand_break_repair_via_nonhomologous_end_joining,GO:0006310:DNA_recombination,GO:0006974:cellular_response_to_DNA_damage_stimulus,GO:0007049:cell_cycle,GO:0007417:central_nervous_system_development,GO:0008283:cell_population_proliferation,GO:0010165:response_to_X-ray,GO:0010332:response_to_gamma_radiation,GO:0016874:ligase_activity,GO:0032807:DNA_ligase_IV_complex,GO:0033077:T_cell_differentiation_in_thymus,GO:0033151:V(D)J_recombination,GO:0033152:immunoglobulin_V(D)J_recombination,GO:0033153:T_cell_receptor_V(D)J_recombination,GO:0035019:somatic_stem_cell_population_maintenance,GO:0043231:intracellular_membrane-bounded_organelle,GO:0043524:negative_regulation_of_neuron_apoptotic_process,GO:0045190:isotype_switching,GO:0046872:metal_ion_binding,GO:0048146:positive_regulation_of_fibroblast_proliferation,GO:0050769:positive_regulation_of_neurogenesis,GO:0051102:DNA_ligation_involved_in_DNA_recombination,GO:0051103:DNA_ligation_involved_in_DNA_repair,GO:0051276:chromosome_organization,GO:0051301:cell_division,GO:0051402:neuron_apoptotic_process,GO:0070419:nonhomologous_end_joining_complex,GO:0071479:cellular_response_to_ionizing_radiation,GO:0071897:DNA_biosynthetic_process,GO:0075713:establishment_of_integrated_proviral_latency,GO:0097680:double-strand_break_repair_via_classical_nonhomologous_end_joining,GO:2001252:positive_regulation_of_chromosome_organization"
13:109782884-109782884	T	missense_variant	MODERATE	IRS2	ENSG00000185950	"rs1805097,CM003938,COSV65478662"	C	C/T	-1	0.2833	risk_factor	"0,1,1"	"1,1,1"	"18603647,28690685,18611262,18992263,19124510,29622662,28369940,18398040,25557790,27144430,34784930,35596833,28708046,26381944,21771880,11030756,11600548,19818665,19887537,28212577,35124585,36730981,29764441,25061488,33921825,25310961,32724448,37234924,36013453,23216712,34222068,19091018,37173295,36776603"	"GO:0002053:positive_regulation_of_mesenchymal_cell_proliferation,GO:0002903:negative_regulation_of_B_cell_apoptotic_process,GO:0005068:transmembrane_receptor_protein_tyrosine_kinase_adaptor_activity,GO:0005158:insulin_receptor_binding,GO:0005515:protein_binding,GO:0005737:cytoplasm,GO:0005829:cytosol,GO:0005886:plasma_membrane,GO:0006006:glucose_metabolic_process,GO:0007165:signal_transduction,GO:0007420:brain_development,GO:0008283:cell_population_proliferation,GO:0008284:positive_regulation_of_cell_population_proliferation,GO:0008286:insulin_receptor_signaling_pathway,GO:0009749:response_to_glucose,GO:0010631:epithelial_cell_migration,GO:0010634:positive_regulation_of_epithelial_cell_migration,GO:0010748:negative_regulation_of_long-chain_fatty_acid_import_across_plasma_membrane,GO:0010907:positive_regulation_of_glucose_metabolic_process,GO:0016477:cell_migration,GO:0019216:regulation_of_lipid_metabolic_process,GO:0019901:protein_kinase_binding,GO:0019903:protein_phosphatase_binding,GO:0019904:protein_domain_specific_binding,GO:0030674:protein-macromolecule_adaptor_activity,GO:0030879:mammary_gland_development,GO:0030890:positive_regulation_of_B_cell_proliferation,GO:0032000:positive_regulation_of_fatty_acid_beta-oxidation,GO:0032024:positive_regulation_of_insulin_secretion,GO:0032869:cellular_response_to_insulin_stimulus,GO:0033673:negative_regulation_of_kinase_activity,GO:0043548:phosphatidylinositol_3-kinase_binding,GO:0044342:type_B_pancreatic_cell_proliferation,GO:0045725:positive_regulation_of_glycogen_biosynthetic_process,GO:0046326:positive_regulation_of_glucose_import,GO:0051897:positive_regulation_of_protein_kinase_B_signaling,GO:0055088:lipid_homeostasis,GO:0071333:cellular_response_to_glucose_stimulus,GO:0071889:14-3-3_protein_binding,GO:0141038:,GO:1901653:cellular_response_to_peptide,GO:1904692:positive_regulation_of_type_B_pancreatic_cell_proliferation"
14:61457521-61457521	A	missense_variant	MODERATE	PRKCH	ENSG00000027075	"rs2230500,CM070246,COSV60646806"	G	G/A	1	0.0605	risk_factor	"0,1,1"	"1,1,1"	"34199962,27796860,21358133,31055994,19069168,24664524,12958323,17195206,17206144,18164711,19520989,19703523,20602195,24534126,28640647,19403135,20852671,25692103,23041239,24097412,28428977,29886722,22808203,36294301,36299231,29111012,33352859,29115576,36675675,29383124,29948938,37168667,32496918,22113147"	"GO:0000166:nucleotide_binding,GO:0004672:protein_kinase_activity,GO:0004674:protein_serine/threonine_kinase_activity,GO:0005524:ATP_binding,GO:0006468:protein_phosphorylation,GO:0016020:membrane,GO:0036211:protein_modification_process,GO:0046872:metal_ion_binding"
16:984739-984739	C	missense_variant	MODERATE	SOX8	ENSG00000005513	rs1596200787	A	A/C	1	-	uncertain_significance	-	1	-	-
16:69711242-69711242	A	missense_variant	MODERATE	NQO1	ENSG00000181019	"rs1800566,CM950861,COSV57731060"	G	G/A	-1	0.2889	"risk_factor,not_provided,pathogenic"	"0,1,1"	"1,1,1"	"26451011,31818908,35140610,18992148,31231424,24944790,20621252,21514219,23946381,27713515,29697282,34540891,27015811,18936436,22992668,27274779,24177223,25719551,32494361,30337837,30793520,31361092,32728337,23139751,26873362,23021489,23066387,18535201,24491308,24895604,18854777,18191955,17160896,18632753,28391539,22573488,17885617,20436251,21228414,21474949,21480392,22200898,22645715,22655231,23175176,23651475,24260161,31854268,35326157,19822020,27588484,22216198,16026601,30693270,26445852,27536357,17697348,18547414,18922824,20935060,23072573,23959649,17366837,23054000,24315498,26801900,32295184,34701451,35912186,32311112,32185238,27977510,19736056,20091863,22987024,22871999,26942037,24755831,26546332,32104210,34893156,31677022,25340731,22300735,17424838,29445914,19174490,34437536,25518008,26426434,31332605,23276910,29133890,24924344,34572288,25529925,29520212,32864859,35096612,30410011,23259684,19442035,30955239,29732392,28529598,21351093,20966810,25545243,21048526,25622337,32648197,16385446,20049212,3549929"	GO:0005829:cytosol
17:10330447-10330447	A	missense_variant	MODERATE	MYH13	ENSG00000006788	"rs774557713,COSV52820248,COSV99355081"	G	G/A	-1	-	uncertain_significance	"0,1,1"	"1,1,1"	-	"GO:0000146:microfilament_motor_activity,GO:0000166:nucleotide_binding,GO:0003774:cytoskeletal_motor_activity,GO:0003779:actin_binding,GO:0005515:protein_binding,GO:0005516:calmodulin_binding,GO:0005524:ATP_binding,GO:0005737:cytoplasm,GO:0005859:muscle_myosin_complex,GO:0006936:muscle_contraction,GO:0016459:myosin_complex,GO:0016460:myosin_II_complex,GO:0030016:myofibril,GO:0032982:myosin_filament,GO:0051015:actin_filament_binding,GO:0070062:extracellular_exosome"
17:74919826-74919826	A	missense_variant	MODERATE	USH1G	ENSG00000182040	rs2144752996	T	T/A	-1	-	uncertain_significance	-	1	-	"GO:0001917:photoreceptor_inner_segment,GO:0005515:protein_binding,GO:0005634:nucleus,GO:0005737:cytoplasm,GO:0005813:centrosome,GO:0005829:cytosol,GO:0005856:cytoskeleton,GO:0005886:plasma_membrane,GO:0005929:cilium,GO:0007605:sensory_perception_of_sound,GO:0015030:Cajal_body,GO:0015629:actin_cytoskeleton,GO:0016020:membrane,GO:0016607:nuclear_speck,GO:0030507:spectrin_binding,GO:0032391:photoreceptor_connecting_cilium,GO:0036064:ciliary_basal_body,GO:0042472:inner_ear_morphogenesis,GO:0042802:identical_protein_binding,GO:0042995:cell_projection,GO:0045494:photoreceptor_cell_maintenance,GO:0050953:sensory_perception_of_light_stimulus,GO:0050957:equilibrioception,GO:0060113:inner_ear_receptor_cell_differentiation,GO:0060122:inner_ear_receptor_cell_stereocilium_organization,GO:0097546:ciliary_base,GO:0097733:photoreceptor_cell_cilium,GO:2000369:regulation_of_clathrin-dependent_endocytosis"
19:12825830-12825830	C	missense_variant	MODERATE	RTBDN	ENSG00000132026	rs1969269718	A	A/C	-1	-	uncertain_significance	-	1	-	"GO:0005576:extracellular_region,GO:0005886:plasma_membrane,GO:0009897:external_side_of_plasma_membrane,GO:0016020:membrane,GO:0032217:riboflavin_transmembrane_transporter_activity,GO:0032218:riboflavin_transport,GO:0033165:interphotoreceptor_matrix,GO:0038023:signaling_receptor_activity,GO:1902444:riboflavin_binding"
19:45890705-45890705	G	missense_variant	MODERATE	MYPOP	ENSG00000176182	"rs1280434780,COSV56193944"	A	A/G	-1	-	uncertain_significance	"0,1"	"1,1"	-	"GO:0000122:negative_regulation_of_transcription_by_RNA_polymerase_II,GO:0000978:RNA_polymerase_II_cis-regulatory_region_sequence-specific_DNA_binding,GO:0000981:DNA-binding_transcription_factor_activity_-_RNA_polymerase_II-specific,GO:0001227:DNA-binding_transcription_repressor_activity_-_RNA_polymerase_II-specific,GO:0003677:DNA_binding,GO:0003700:DNA-binding_transcription_factor_activity,GO:0005515:protein_binding,GO:0005634:nucleus,GO:0006357:regulation_of_transcription_by_RNA_polymerase_II,GO:0042802:identical_protein_binding"
2:174399926-174399926	A	"missense_variant,NMD_transcript_variant"	MODERATE	SCRN3	ENSG00000144306	rs1338913054	C	C/A	1	-	uncertain_significance	-	1	-	"GO:0006508:proteolysis,GO:0016805:dipeptidase_activity,GO:0070004:cysteine-type_exopeptidase_activity"
20:259288-259288	C	missense_variant	MODERATE	DEFB132	ENSG00000186458	rs2122199300	A	A/C	1	-	uncertain_significance	-	1	-	"GO:0005515:protein_binding,GO:0005576:extracellular_region,GO:0005615:extracellular_space,GO:0006952:defense_response,GO:0031640:killing_of_cells_of_another_organism,GO:0042742:defense_response_to_bacterium,GO:0045087:innate_immune_response,GO:0050829:defense_response_to_Gram-negative_bacterium,GO:0061827:sperm_head"
22:21387777-21387777	A	missense_variant	MODERATE	RIMBP3B	ENSG00000274600	"rs200259378,COSV63115729"	C	C/A	1	-	uncertain_significance	"0,1"	"1,1"	-	"GO:0002177:manchette,GO:0005515:protein_binding,GO:0005634:nucleus,GO:0005737:cytoplasm,GO:0005856:cytoskeleton,GO:0007283:spermatogenesis,GO:0007286:spermatid_development,GO:0009566:fertilization,GO:0030154:cell_differentiation,GO:0030156:benzodiazepine_receptor_binding"
22:21547058-21547058	T	missense_variant	MODERATE	RIMBP3C	ENSG00000183246	rs2242314	G	G/T	-1	-	uncertain_significance	-	1	-	"GO:0002177:manchette,GO:0003674:molecular_function,GO:0005515:protein_binding,GO:0005575:cellular_component,GO:0005634:nucleus,GO:0005737:cytoplasm,GO:0005856:cytoskeleton,GO:0007283:spermatogenesis,GO:0007286:spermatid_development,GO:0008150:biological_process,GO:0009566:fertilization,GO:0030154:cell_differentiation,GO:0030156:benzodiazepine_receptor_binding"
4:2904980-2904980	T	missense_variant	MODERATE	ADD1	ENSG00000087274	"rs4961,CM021240,COSV53268966"	G	G/T	1	0.2085	"drug_response,risk_factor"	"0,1,1"	"1,1,1"	-	"GO:0000902:cell_morphogenesis,GO:0001701:in_utero_embryonic_development,GO:0005200:structural_constituent_of_cytoskeleton,GO:0005654:nucleoplasm,GO:0005856:cytoskeleton,GO:0005886:plasma_membrane,GO:0005912:adherens_junction,GO:0006884:cell_volume_homeostasis,GO:0007010:cytoskeleton_organization,GO:0016020:membrane,GO:0016604:nuclear_body,GO:0020027:hemoglobin_metabolic_process,GO:0030218:erythrocyte_differentiation,GO:0035264:multicellular_organism_growth,GO:0048873:homeostasis_of_number_of_cells_within_a_tissue,GO:0071277:cellular_response_to_calcium_ion,GO:1903142:positive_regulation_of_establishment_of_endothelial_barrier,GO:1903393:positive_regulation_of_adherens_junction_organization"
4:88131171-88131171	T	missense_variant	MODERATE	ABCG2	ENSG00000118777	"rs2231142,CM057428,COSV52943591"	G	G/T	-1	0.1194	"drug_response,association,not_provided"	"0,1,1"	"1,1,1"	-	"GO:0000166:nucleotide_binding,GO:0005515:protein_binding,GO:0005524:ATP_binding,GO:0005654:nucleoplasm,GO:0005739:mitochondrion,GO:0005886:plasma_membrane,GO:0006869:lipid_transport,GO:0008514:organic_anion_transmembrane_transporter_activity,GO:0008559:ABC-type_xenobiotic_transporter_activity,GO:0015143:urate_transmembrane_transporter_activity,GO:0015225:biotin_transmembrane_transporter_activity,GO:0015562:efflux_transmembrane_transporter_activity,GO:0015711:organic_anion_transport,GO:0015747:urate_transport,GO:0015878:biotin_transport,GO:0016020:membrane,GO:0016324:apical_plasma_membrane,GO:0016887:ATP_hydrolysis_activity,GO:0031526:brush_border_membrane,GO:0031966:mitochondrial_membrane,GO:0032217:riboflavin_transmembrane_transporter_activity,GO:0032218:riboflavin_transport,GO:0042626:ATPase-coupled_transmembrane_transporter_activity,GO:0042802:identical_protein_binding,GO:0042803:protein_homodimerization_activity,GO:0042910:xenobiotic_transmembrane_transporter_activity,GO:0045121:membrane_raft,GO:0046415:urate_metabolic_process,GO:0046983:protein_dimerization_activity,GO:0055085:transmembrane_transport,GO:0070633:transepithelial_transport,GO:0097744:renal_urate_salt_excretion,GO:0098591:external_side_of_apical_plasma_membrane,GO:0140115:export_across_plasma_membrane,GO:0140359:ABC-type_transporter_activity,GO:0150104:transport_across_blood-brain_barrier,GO:1990748:cellular_detoxification,GO:1990962:xenobiotic_transport_across_blood-brain_barrier"
4:190174726-190174726	A	missense_variant	MODERATE	DUX4	ENSG00000260596	rs1415001972	T	T/A	1	-	uncertain_significance	-	1	-	"GO:0000976:transcription_cis-regulatory_region_binding,GO:0000977:RNA_polymerase_II_transcription_regulatory_region_sequence-specific_DNA_binding,GO:0000978:RNA_polymerase_II_cis-regulatory_region_sequence-specific_DNA_binding,GO:0000981:DNA-binding_transcription_factor_activity_-_RNA_polymerase_II-specific,GO:0001228:DNA-binding_transcription_activator_activity_-_RNA_polymerase_II-specific,GO:0003677:DNA_binding,GO:0005515:protein_binding,GO:0005634:nucleus,GO:0005654:nucleoplasm,GO:0005730:nucleolus,GO:0005794:Golgi_apparatus,GO:0005829:cytosol,GO:0006357:regulation_of_transcription_by_RNA_polymerase_II,GO:0006915:apoptotic_process,GO:0008285:negative_regulation_of_cell_population_proliferation,GO:0031965:nuclear_membrane,GO:0045944:positive_regulation_of_transcription_by_RNA_polymerase_II,GO:0070317:negative_regulation_of_G0_to_G1_transition,GO:1990837:sequence-specific_double-stranded_DNA_binding"
5:35037010-35037010	T	missense_variant	MODERATE	AGXT2	ENSG00000113492	"rs37369,CM113402,COSV51484897"	C	C/T	-1	0.3936	affects	"0,1,1"	"1,1,1"	-	"GO:0003824:catalytic_activity,GO:0005739:mitochondrion,GO:0005759:mitochondrial_matrix,GO:0008453:alanine-glyoxylate_transaminase_activity,GO:0008483:transaminase_activity,GO:0009436:glyoxylate_catabolic_process,GO:0016740:transferase_activity,GO:0019265:glycine_biosynthetic_process_-_by_transamination_of_glyoxylate,GO:0019481:L-alanine_catabolic_process_-_by_transamination,GO:0030170:pyridoxal_phosphate_binding,GO:0045429:positive_regulation_of_nitric_oxide_biosynthetic_process,GO:0047305:(R)-3-amino-2-methylpropionate-pyruvate_transaminase_activity"
5:148826877-148826877	A	missense_variant	MODERATE	ADRB2	ENSG00000169252	"rs1042713,CM950016,COSV60005269"	G	G/A	1	0.4756	drug_response	"0,1,1"	"1,1,1"	-	"GO:0001540:amyloid-beta_binding,GO:0001993:regulation_of_systemic_arterial_blood_pressure_by_norepinephrine-epinephrine,GO:0002024:diet_induced_thermogenesis,GO:0002025:norepinephrine-epinephrine-mediated_vasodilation_involved_in_regulation_of_systemic_arterial_blood_pressure,GO:0002028:regulation_of_sodium_ion_transport,GO:0002032:desensitization_of_G_protein-coupled_receptor_signaling_pathway_by_arrestin,GO:0004930:G_protein-coupled_receptor_activity,GO:0004935:adrenergic_receptor_activity,GO:0004941:beta2-adrenergic_receptor_activity,GO:0005515:protein_binding,GO:0005634:nucleus,GO:0005764:lysosome,GO:0005768:endosome,GO:0005769:early_endosome,GO:0005794:Golgi_apparatus,GO:0005886:plasma_membrane,GO:0006366:transcription_by_RNA_polymerase_II,GO:0006898:receptor-mediated_endocytosis,GO:0006939:smooth_muscle_contraction,GO:0006940:regulation_of_smooth_muscle_contraction,GO:0007165:signal_transduction,GO:0007166:cell_surface_receptor_signaling_pathway,GO:0007171:activation_of_transmembrane_receptor_protein_tyrosine_kinase_activity,GO:0007186:G_protein-coupled_receptor_signaling_pathway,GO:0007188:adenylate_cyclase-modulating_G_protein-coupled_receptor_signaling_pathway,GO:0007189:adenylate_cyclase-activating_G_protein-coupled_receptor_signaling_pathway,GO:0007190:activation_of_adenylate_cyclase_activity,GO:0008179:adenylate_cyclase_binding,GO:0008333:endosome_to_lysosome_transport,GO:0009409:response_to_cold,GO:0010008:endosome_membrane,GO:0010739:positive_regulation_of_protein_kinase_A_signaling,GO:0015459:potassium_channel_regulator_activity,GO:0016020:membrane,GO:0016324:apical_plasma_membrane,GO:0019899:enzyme_binding,GO:0030501:positive_regulation_of_bone_mineralization,GO:0030669:clathrin-coated_endocytic_vesicle_membrane,GO:0031649:heat_generation,GO:0040015:negative_regulation_of_multicellular_organism_growth,GO:0042802:identical_protein_binding,GO:0042803:protein_homodimerization_activity,GO:0043235:receptor_complex,GO:0043410:positive_regulation_of_MAPK_cascade,GO:0044877:protein-containing_complex_binding,GO:0045453:bone_resorption,GO:0045944:positive_regulation_of_transcription_by_RNA_polymerase_II,GO:0045986:negative_regulation_of_smooth_muscle_contraction,GO:0050873:brown_fat_cell_differentiation,GO:0051380:norepinephrine_binding,GO:0061885:positive_regulation_of_mini_excitatory_postsynaptic_potential,GO:0071875:adrenergic_receptor_signaling_pathway,GO:0071880:adenylate_cyclase-activating_adrenergic_receptor_signaling_pathway,GO:0071902:positive_regulation_of_protein_serine/threonine_kinase_activity,GO:0097746:blood_vessel_diameter_maintenance,GO:0098992:neuronal_dense_core_vesicle,GO:0120162:positive_regulation_of_cold-induced_thermogenesis,GO:1901098:positive_regulation_of_autophagosome_maturation,GO:1904504:positive_regulation_of_lipophagy,GO:1904646:cellular_response_to_amyloid-beta,GO:1990911:response_to_psychosocial_stress,GO:2000481:positive_regulation_of_cAMP-dependent_protein_kinase_activity,GO:2000969:positive_regulation_of_AMPA_receptor_activity"
5:157106776-157106776	C	missense_variant	MODERATE	HAVCR2	ENSG00000135077	"rs184868814,COSV57153088"	T	T/C	-1	0.0062	uncertain_significance	"0,1"	"1,1"	-	GO:0016020:membrane
6:39357302-39357302	G	missense_variant	MODERATE	KIF6	ENSG00000164627	"rs20455,CM074911,COSV54671370"	A	A/G	-1	0.5397	drug_response	"0,1,1"	"1,1,1"	-	-
6:138876472-138876472	A	"missense_variant,splice_region_variant"	MODERATE	ECT2L	ENSG00000203734	"rs1529151,COSV100871781"	G	G/A	1	0.2762	not_provided	"0,1"	"1,1"	-	"GO:0005085:guanyl-nucleotide_exchange_factor_activity,GO:0005515:protein_binding"
7:34778501-34778501	T	missense_variant	MODERATE	NPSR1	ENSG00000187258	"rs324981,CM073245,COSV62208950"	A	A/T	1	0.4675	risk_factor	"0,1,1"	"1,1,1"	-	"GO:0004930:G_protein-coupled_receptor_activity,GO:0005000:vasopressin_receptor_activity,GO:0005737:cytoplasm,GO:0005886:plasma_membrane,GO:0007165:signal_transduction,GO:0007186:G_protein-coupled_receptor_signaling_pathway,GO:0007218:neuropeptide_signaling_pathway,GO:0008188:neuropeptide_receptor_activity,GO:0016020:membrane,GO:0051281:positive_regulation_of_release_of_sequestered_calcium_ion_into_cytosol"
7:128359910-128359910	T	missense_variant	MODERATE	PRRT4	ENSG00000224940	rs1056000854	A	A/T	-1	-	uncertain_significance	-	1	-	GO:0016020:membrane
8:8892733-8892733	C	missense_variant	MODERATE	MFHAS1	ENSG00000147324	rs1810123926	A	A/C	-1	-	uncertain_significance	-	1	-	"GO:0000166:nucleotide_binding,GO:0002376:immune_system_process,GO:0005515:protein_binding,GO:0005525:GTP_binding,GO:0005737:cytoplasm,GO:0006952:defense_response,GO:0006954:inflammatory_response,GO:0007165:signal_transduction,GO:0009966:regulation_of_signal_transduction,GO:0009968:negative_regulation_of_signal_transduction,GO:0030218:erythrocyte_differentiation,GO:0031625:ubiquitin_protein_ligase_binding,GO:0034121:regulation_of_toll-like_receptor_signaling_pathway,GO:0034136:negative_regulation_of_toll-like_receptor_2_signaling_pathway,GO:0034137:positive_regulation_of_toll-like_receptor_2_signaling_pathway,GO:0034144:negative_regulation_of_toll-like_receptor_4_signaling_pathway,GO:0035308:negative_regulation_of_protein_dephosphorylation,GO:0043030:regulation_of_macrophage_activation,GO:0045087:innate_immune_response,GO:0046330:positive_regulation_of_JNK_cascade,GO:0050728:negative_regulation_of_inflammatory_response,GO:0051721:protein_phosphatase_2A_binding,GO:0051897:positive_regulation_of_protein_kinase_B_signaling,GO:0070374:positive_regulation_of_ERK1_and_ERK2_cascade,GO:1900181:negative_regulation_of_protein_localization_to_nucleus,GO:1900745:positive_regulation_of_p38MAPK_cascade"
8:17991578-17991578	A	missense_variant	MODERATE	PCM1	ENSG00000078674	rs747145157	G	G/A	1	-	uncertain_significance	-	1	-	"GO:0005654:nucleoplasm,GO:0005813:centrosome,GO:0005829:cytosol,GO:0031965:nuclear_membrane,GO:0034451:centriolar_satellite,GO:0034454:microtubule_anchoring_at_centrosome,GO:0060271:cilium_assembly,GO:0071539:protein_localization_to_centrosome"
8:18400593-18400593	A	missense_variant	MODERATE	NAT2	ENSG00000156006	"rs1799930,CM910270,COSV54061522"	G	G/A	1	0.265	drug_response	"0,1,1"	"1,1,1"	-	"GO:0004060:arylamine_N-acetyltransferase_activity,GO:0016407:acetyltransferase_activity,GO:0016740:transferase_activity,GO:0016746:acyltransferase_activity"
8:117172544-117172544	T	missense_variant	MODERATE	SLC30A8	ENSG00000164756	"rs13266634,CM072050,COSV69969429"	C	C/T	1	0.2552	risk_factor	"0,1,1"	"1,1,1"	-	"GO:0000139:Golgi_membrane,GO:0005385:zinc_ion_transmembrane_transporter_activity,GO:0005515:protein_binding,GO:0005886:plasma_membrane,GO:0006811:monoatomic_ion_transport,GO:0006812:monoatomic_cation_transport,GO:0006829:zinc_ion_transport,GO:0006882:cellular_zinc_ion_homeostasis,GO:0008270:zinc_ion_binding,GO:0008324:monoatomic_cation_transmembrane_transporter_activity,GO:0009749:response_to_glucose,GO:0010043:response_to_zinc_ion,GO:0015297:antiporter_activity,GO:0016020:membrane,GO:0030070:insulin_processing,GO:0030073:insulin_secretion,GO:0030141:secretory_granule,GO:0030658:transport_vesicle_membrane,GO:0030667:secretory_granule_membrane,GO:0031410:cytoplasmic_vesicle,GO:0032024:positive_regulation_of_insulin_secretion,GO:0042803:protein_homodimerization_activity,GO:0043231:intracellular_membrane-bounded_organelle,GO:0046872:metal_ion_binding,GO:0055085:transmembrane_transport,GO:0060627:regulation_of_vesicle-mediated_transport,GO:0062111:zinc_ion_import_into_organelle,GO:0071577:zinc_ion_transmembrane_transport,GO:0071578:zinc_ion_import_across_plasma_membrane,GO:0140826:zinc:proton_antiporter_activity"
9:101390735-101390735	C	missense_variant	MODERATE	MRPL50	ENSG00000136897	rs756309346	A	A/C	-1	-	uncertain_significance	-	1	-	"GO:0005739:mitochondrion,GO:0005743:mitochondrial_inner_membrane,GO:0005762:mitochondrial_large_ribosomal_subunit,GO:0005829:cytosol,GO:0005840:ribosome,GO:0032543:mitochondrial_translation,GO:1990904:ribonucleoprotein_complex"
9:124804276-124804276	C	missense_variant	MODERATE	OLFML2A	ENSG00000185585	rs776049632	A	A/C	1	-	uncertain_significance	-	1	-	"GO:0005576:extracellular_region,GO:0005615:extracellular_space,GO:0007165:signal_transduction,GO:0030198:extracellular_matrix_organization,GO:0031012:extracellular_matrix,GO:0042802:identical_protein_binding,GO:0050840:extracellular_matrix_binding"
